{
  "format_version": "1.8.0",
  "name": "swipe",
  "animations": {
    "attack_1": {
      "animation_length": 2,
      "bones": {
        "right_leg": {
          "rotation": {
            "vector": [-15, 0, 0]
          }
        },
        "left_leg": {
          "rotation": {
            "vector": [19.9299, 0, 0]
          }
        },
        "torso_d": {
          "rotation": {
            "0.0": {
              "vector": [-7.85952, 17.34551, -2.35666]
            },
            "0.5": {
              "vector": [-7.50706, 2.4786, -0.32652]
            },
            "0.9583": {
              "vector": [-7.50706, -2.4786, 0.32652]
            },
            "1.25": {
              "vector": [-7.52832, 4.95712, -0.65426]
            },
            "1.5": {
              "vector": [-7.52832, 4.95712, -0.65426]
            },
            "1.875": {
              "vector": [-7.52832, 4.95712, -0.65426]
            },
            "2.0": {
              "vector": [-7.85952, 17.34551, -2.35666]
            }
          }
        },
        "torso": {
          "rotation": {
            "0.0": {
              "vector": [-12.5, 0, 0]
            },
            "0.5": {
              "vector": [-13.74538, -24.3683, 5.7632]
            },
            "0.9583": {
              "vector": [-14.35885, -29.21893, 7.12284]
            },
            "1.25": {
              "vector": [-12.60443, 7.32123, -1.63219]
            },
            "1.5": {
              "vector": [-12.60443, 7.32123, -1.63219]
            },
            "1.625": {
              "vector": [-12.60443, 7.32123, -1.63219]
            }
          }
        },
        "right_arm": {
          "rotation": {
            "0.0": {
              "vector": [0, 0, 15]
            },
            "0.5": {
              "vector": [-17.75313, -9.53274, 18.03513]
            },
            "1.25": {
              "vector": [-0.25313, -9.53274, 18.03513]
            },
            "1.5": {
              "vector": [-0.25313, -9.53274, 18.03513]
            },
            "1.625": {
              "vector": [-0.25313, -9.53274, 18.03513]
            }
          }
        },
        "right_arm_d": {
          "rotation": {
            "0.0": {
              "vector": [15, 0, 0]
            },
            "1.25": {
              "vector": [22.5, 0, 0]
            },
            "1.5": {
              "vector": [22.5, 0, 0]
            },
            "1.625": {
              "vector": [22.5, 0, 0]
            }
          }
        },
        "left_arm": {
          "rotation": {
            "0.0": {
              "vector": [0.78795, -17.48281, -10.12116]
            },
            "0.9583": {
              "vector": [76.5014, -47.69849, -26.84624]
            },
            "1.0833": {
              "vector": [109.65579, -45.97809, -71.24259]
            },
            "1.25": {
              "vector": [38.99405, 4.91998, -65.48688]
            },
            "1.5": {
              "vector": [38.99405, 4.91998, -65.48688]
            },
            "1.625": {
              "vector": [38.99405, 4.91998, -65.48688]
            },
            "2.0": {
              "vector": [0.78795, -17.48281, -10.12116]
            }
          },
          "position": {
            "0.0": {
              "vector": [0, 0, 0]
            },
            "0.5": {
              "vector": [0, -1, 0]
            },
            "1.0833": {
              "vector": [0, -2, 0]
            },
            "1.25": {
              "vector": [0, -3, 0]
            },
            "1.5": {
              "vector": [0, -3, 0]
            },
            "1.625": {
              "vector": [0, -3, 0]
            },
            "2.0": {
              "vector": [0, 0, 0]
            }
          }
        },
        "left_arm_d": {
          "rotation": {
            "0.0": {
              "vector": [20, 0, 0]
            },
            "0.9583": {
              "vector": [32.5, 0, 0]
            },
            "1.25": {
              "vector": [-2.5, 0, 0]
            },
            "1.5": {
              "vector": [-2.5, 0, 0]
            },
            "1.625": {
              "vector": [-2.5, 0, 0]
            }
          }
        },
        "head": {
          "rotation": {
            "0.0": {
              "vector": [5, -12.5, 0]
            },
            "0.9583": {
              "vector": [12.54449, 2.64014, -5.10574]
            },
            "1.25": {
              "vector": [13.08576, -11.74426, 1.84454]
            },
            "1.5": {
              "vector": [13.08576, -11.74426, 1.84454]
            },
            "1.625": {
              "vector": [13.08576, -11.74426, 1.84454]
            },
            "2.0": {
              "vector": [5, -12.5, 0]
            }
          }
        }
      }
    }
  },
  "geckolib_format_version": 2
}